_MKLJcUeuxw	1598.0	NA	Why Astria Left the Competition for Akash
CtpkIuRYXls	498.0	NA	Akash Console Air Wallet Deployment Walkthrough
OVYOb78n9Sc	851.0	NA	Why 99% of AI Apps Collect Dust on Localhost (And How to Fix It)
MmY1jsxq9mc	1364.0	NA	De-AI, Privacy Preserving Learning & Applications to Healthcare, Sriram Vishwanath, Prof., UT Austin
K2hc3M0Wji0	739.0	NA	The Easiest Way to Deploy an Hermes Agent on Akash
jdzq_xMLKPg	957.0	NA	How to Deploy on Akash Console in 2026 (Post-BME)
eqrwrU19g0s	139.0	NA	What is Akash's Burn-Mint Equilibrium (BME)?
eV37RVQMY6Y	169.0	NA	Stop Wasting $$$$ Every Month on AI Agents | Use This Model Instead
qzQ-1xGzcO0	426.0	NA	Deploy Your Own OpenClaw Agent With $0 Upfront
hzvC1ZkuCdE	777.0	NA	Deploy OpenClaw on Akash Console in Minutes
cuMnBAr9oNM	938.0	NA	Akash Accelerate 2025 -  Nous Research: Dillon Rolnick
ogrozlyWbSk	3200.0	NA	Akash Accelerate 2025 -  Panel: Investing in Intelligence
Rh_uzQkJUgg	595.0	NA	Akash Accelerate 2025 -  Passage: Lex & Ariel Avellino
QpuMkI0qvKk	572.0	NA	Akash Accelerate 2025: Manouk Termaaten - Vertical
NA9y_OiXaC0	1024.0	NA	Akash Accelerate 2025  - The Roadmap to a User-Owned AI Model: Illia Polosukhin
GT7aIRtYOlw	135.0	NA	Akash Accelerate 2025 Highlights
X6rhUk5JwlY	1890.0	NA	Akash Accelerate 2025: Is DePIN Real?
zmmjl7Sczqo	593.0	NA	Akash Accelerate 2025: Nirmal Krishman from Chakra
PevsgmyTuFg	2112.0	NA	Akash Accelerate 2025: Beyond Centralized Models
HJ45pnrON2Y	721.0	NA	Akash Accelerate 2025 - Zack Abrams on AI Content Generation
F_wsWsZTaxs	1416.0	NA	Akash Accelerate 2025 - Javier Villamizar & Greg Osuri Fireside chat
Ln1nLMPnxlk	778.0	NA	Akash Accelerate 2025 - Jason Badeaux from Daylight on Decentralized Energy
0BIIiQquYFI	1305.0	NA	Akash Accelerate 2025  -  Greg Osuri Keynote
G92_-4vWWt0	145.0	NA	Akash Accelerate 2025 - Star Bonds
mU-0U1h8J7U	134.0	NA	Akash Accelerate 2025 - AkashML
zAj41xSNPeI	148.0	NA	Akash Accelerate 2025 - Starcluster
4nRz_dVhE28	1454.0	NA	Erik Voorhees and Greg Osuri: "The Power of Permissionless" - Akash Accelerate '24
04-IN8Btp3U	1659.0	NA	Keynote from Greg Osuri: "Journey to Acceleration & Beyond" - Akash Accelerate '24
fVYeAVvuNLI	15855.0	NA	Akash Accelerate '24: Official Recap
_hv9681CV0Y	2576.0	NA	Running vLLM on Akash | Akash Tutorials
B4lyXWjixmk	504.0	NA	How to set up an Akash GPU Provider with Praetor | Akash Community Guides
CMgLluq9278	342.0	NA	Set up an Akash GPU Testnet Provider with Praetor | Akash Community Guides
uyVimp8ddBU	2403.0	NA	Securing Cosmos With Bitcoin: A conversation with David Tse of Babylon
Maqn563IeRY	220.0	NA	Ask Akash - What problem does Akash solve? Can it scale?
BM-WU0TaynU	4667.0	NA	Akash Weekly - November 30th 2022
7uplv-KnVas	85.0	NA	Akash Analysis - VPN use case
_T4ThfUAer0	330.0	NA	Akash Analysis   Should Web2 projects consider running on decentralized infrastructure
uGlflVLgYjI	1879.0	NA	Dcentral 2022 - DeCloud - Decentralized Cloud & Storage
rh_DdZw6cu8	150.0	NA	Ask Akash - How does a one use the SDL builder
CtaFnOCkLys	466.0	NA	Winning a US Defense Dept. Hackathon
oB45bmSF4uY	822.0	NA	Ask Akash: Thoughts on usage metrics over the last year
pp_eAqIb8Jw	303.0	NA	Founders Reflect on Why Akash was Created
zftMimmn2CY	3587.0	NA	Akash Weekly - November 16th 2022
4WfLLh4942s	472.0	NA	How Secret & Akash Network can Work Together
uiRJbLYBvvk	2015.0	NA	Akash At Cosmoverse 2022
g2_B60YtZEU	1737.0	NA	Akash at Devcon 2022
IsO-LKTI4sQ	527.0	NA	Ask Akash - What is Akash's strategy going forward?
YasgYOQtxR0	789.0	NA	The Problem w/Blockchains on Big Cloud
yWtu0y6xr7o	3831.0	NA	Akash Weekly - November 9th 2022
XQVGt-fdKPY	3186.0	NA	Akash Weekly - November 2nd 2022
c0SEzEtNZ8k	3606.0	NA	Akash Weekly - October 28th 2022
dJKFr9wAYwA	3553.0	NA	Akash Weekly - October 19th 2022
6r_OON8CNPs	4399.0	NA	Akash Weekly - October 12th 2022
_NZhdhw5f4s	3462.0	NA	Akash Weekly - October 5th 2022
uBetH2DKKlQ	294.0	NA	Ask Akash - When will $AKT be available on more exchanges?
Zhs18DcjSKo	2801.0	NA	Akash Weekly - September 28th 2022
SwfTiRrH8WU	170.0	NA	Akash Analysis - Incentives/Product Market Fit
1SjcSAQKY7g	2734.0	NA	Akash Weekly - September 21st 2022
5zESYdtwsyQ	208.0	NA	Akash Analysis - Why decentralization is important
Ckp4eQ94ojM	4019.0	NA	Akash Weekly - September 14th 2022
LdY087ASaMg	116.0	NA	Akash Analysis - Akash GPU Marketplace Progress Update
mo5VD4leo4A	216.0	NA	Ask Akash - How will $AKT benefit from enabling Fiat Payments
ezIAHMU_Cxw	141.0	NA	Akash Analysis - What the Hetzner ban means for Akash
row18GzCS5w	3450.0	NA	Akash Weekly - September 7th 2022
6hLxObUgwDA	158.0	NA	Akash Analysis - The Return of the Datacenter
RVlkC2WcGvY	2917.0	NA	Akash Weekly - August 31st 2022
J078p6BzLK0	242.0	NA	Ask Akash - How Decentralized are Akashs Validator Nodes?
RBUhY7u3zq0	225.0	NA	Akash Analysis - Are Akash providers hosted on AWS?
nJVqxRUkxFA	2104.0	NA	Akash Weekly - August 24th 2022
j9e7agFRup4	133.0	NA	Akash Analysis - How Akash is censorship resistant
YjZFaKHqVqQ	3504.0	NA	Akash Weekly - August 17th 2022
BfMH409WEJw	50.0	NA	What is the inflation rate of AKT
FSpBsstdbMA	256.0	NA	IBC Relayers are safer than Bridges  - Here’s Why
eqwoP7iMh7g	3526.0	NA	Akash Weekly - August 10th 2022
dG6b9lgJiWQ	94.0	NA	What is Overclock Labs vs Akash Network
WNT2fpKSRUU	107.0	NA	Ask Akash - When can we expect take income to be implemented
ZJsBvlHOIb4	3676.0	NA	Akask Weekly - Aug 3rd 2022
IC6EZ6r0ODk	50.0	NA	How does Akash generate revenue?
Iom_BfWzk40	2451.0	NA	Akash Weekly - July 27th 2022
CINPrJmIV9s	339.0	NA	The Akash Adoption Plan
rpARsQQOLyU	119.0	NA	The Composability Potential of IBC Enabled Blockchains
Xa-OsulzXAo	3130.0	NA	Akash Weekly - July 20th
X0G6WTfUdlI	35.0	NA	Welcome To Akash
3sE2AHvq95Y	194.0	NA	Ask Akash: July updates on Stable Settlements?
D-CIXpfW13A	3745.0	NA	Akash Weekly - July 13th 2022
egfFJqkSCLw	3168.0	NA	Akash Weekly - July 6th 2022
kSEJzxGmFj4	666.0	NA	Ask Akash: Why not focus on Web 2 adoption for Akash?
M6-8x4WUMjo	2120.0	NA	Akash Weekly Spaces - June 29th
GLfWi_E6GCM	2636.0	NA	Akash AMA: $0.10 Chia Plots on Akash Network
8BZu_1QW7sw	2143.0	NA	Akash Weekly Spaces - June 22nd
y5_GlfUj5to	2808.0	NA	Akash Weekly Spaces - June 15th
197CuLD5Ahw	2988.0	NA	Akash Weekly: Testnet 3, Week 1 Challenges
vXOJlsI_CX0	2759.0	NA	Akash Weekly: Introducing new VP of Engineering, Chanda Dharap
G_pXEAo-ZsU	3837.0	NA	Akashonomics: AKT Release Schedule
KVwZr7s92f8	3403.0	NA	Akash Weekly: Chia
n2ZqaZgrdnQ	323.0	NA	Akash Provider Onboarding Simplified
ZKllcaFuYCI	267.0	NA	Testnet 3 Feature: Persistent Storage
qiW2aSGiVZc	96.0	NA	Testnet 3 Feature: Inflationary Decay Curve
t2CLJrK6HOs	93.0	NA	Testnet 3 Feature: Authorized Spend
DlEd0AnXBL4	102.0	NA	Testnet 3 Feature: Fractional uAKT
_bumZEUJQSM	270.0	NA	Introduction to Akash's Testnet 3 and the New Features
o5uR0VxQBx8	2933.0	NA	Akash announces partnership with Coldstack
vlxWSzI2OX4	317.0	NA	Akash Testnet 3: Coming Soon
k2xgbs7bBxc	2245.0	NA	Akashonomics Part II: Escrow and the Inflation Curve
83gDZuC2VKg	2071.0	NA	Akashonomics: AKT Inflation Reduction
E9jBtnf_qR4	235.0	NA	Akash partners with Chia to decentralize storage on Web3
ksFpzDz4u3c	292.0	NA	Akash and Polygon join forces to offer Decentralized Infrastructure to dApp Developers
7hGE4I2Qz1g	202.0	NA	Earn Some Crypto at the Polygon and Akash Hackathon!
9MCrtBKQYkw	463.0	NA	Akash Network CEO, Greg Osuri on Yahoo Finance
E7T103kUSro	205.0	NA	Akash Deploy Tool
RXW6N4R6j80	4561.0	NA	The Akashian Challenge: Closing Live Stream
2TEqq1vFPus	4279.0	NA	The Akashian Challenge Livestream: Phase 3 Week 2
7x1ct2eC_Nw	4250.0	NA	The Akashian Challenge Livestream: Phase 3 Week 1
shFtDmsCGNc	1835.0	NA	Akash AMA Livestream
vTzphnpjFg0	2465.0	NA	The Akashian Challenge Phase 2 Livestream
L3JjJldfU3o	3585.0	NA	The Akashian Challenge Phase 1 Livestream
hruZnd63_IA	333.0	NA	OvrClk Demo 2 – Zero Downtime Deploys
Z-JSQpScYck	577.0	NA	OvrClk Demo 1 – Cluster's Lifecycle
