wiVrlo7XJA0	26094.0	NA	Akash Accelerate 2025: Official Livestream
60mmj3bNzB0	25547.0	NA	Akash Accelerate '24: Official Livestream
WC2Awae6Xvc	2015.0	NA	Akash Community: Insider Office Hours with Adam Wozney & special guest SubQuery
PqKYTTQUwCM	20153.0	NA	Akash Mainnet 6 Livestream
Oz-Oara8i78	3677.0	NA	Akash Network Live with Greg Osuri: Akash's progress in 2023, open community development, and more
RY2cjiizk5k	2989.0	NA	Chia Plotting on Akash
nd-JMeWDrNc	2548.0	NA	Akash Office Hours : January Updates & Intro to Archway
4_8JHUJVue8	3483.0	NA	Akash & Chia : Decentralized plotting
xhuhCng_JyA	3230.0	NA	Akash Office Hours : End of Year Product Update
eJOxx1f7g5A	1767.0	NA	Developer Relations Office Hours
2HHM7padRKI	3161.0	NA	Akash & Filebase Hackathon Showcase
MAYVL1O6_40	3665.0	NA	How to Mine PKT Faster on The World’s First Decentralized Cloud
W2pVpefAtA8	3609.0	NA	Building on the New Unstoppable Cloud with Skynet and Akash
-1tcbW9WZOQ	3696.0	NA	The Unstoppable Livestream w/ Sunny Aggarwal & Greg Osuri
PUBL4eguqq4	3897.0	NA	The Unstoppable Livestream: exiledsurfer and Greg Osuri
jKv5OPhB_-c	1866.0	NA	Akashcraft Livestream: Walkthrough & Coordinates release!
BzCyXRr8y3c	3684.0	NA	Wen Marketing? Livestream w/ Maly Ly & Michael Gushansky
HiTE_qXoFvM	5482.0	NA	The Akash Mainnet 2 Livestream w/ Sunny Aggarwal, Greg Osuri and Adam Bozanich
KAOqIm4Mfu8	4064.0	NA	The Akash Mainnet 2 Livestream w/ Alessio Treglia, Jack Zampolin, Greg Osuri and Adam Bozanich
fUeDGAt7IUk	2995.0	NA	The Akash Mainnet 2 Livestream w/ Greg Osuri and Adam Bozanich
-Kkj0veGYJU	4545.0	NA	The Unstoppable Live Stream w/ Greg Osuri and Brian Fox
