0BIIiQquYFI	1305.0	Akash Network	Akash Accelerate 2025  -  Greg Osuri Keynote
04-IN8Btp3U	1659.0	Akash Network	Keynote from Greg Osuri: "Journey to Acceleration & Beyond" - Akash Accelerate '24
3Sv3EOSDnL8	845.0	TOKEN2049	Greg Osuri - Democratizing Access to AI Resources - TOKEN2049 Singapore 2024
pmEVbRTw_5k	962.0	Cosmoverse	The Supercloud - by Greg Osuri, Akash
BlfmFCEycW0	2970.0	Bittrex Global	We're live with Greg Osuri from Akash Network (AKT)
qdQFOS-uG_A	4322.0	Cryptocito	Most UNDERRATED Cosmos GEM? Akash Network Deep Dive with Greg Osuri!
hf6MlnDl6Rs	2686.0	Orchid Labs	Priv8 Virtual Summit: Greg Osuri, Tor Bair, Ari Paul's Take on the Decentralized Future
8GOaS_SQWuE	1780.0	Kong	Serverless Panel: Komal Mangtani, Greg Osuri, Guillermo Rauch, Gwen Shapira
OHQnZEaMEHU	2125.0	Cosmoverse	AI Made in Cosmos - with Greg Osuri, Murthy Vitwit, Valery Litvin & Dean Tribble
0JrIenhz0fQ	1171.0	Crypto Coin Show	Greg Osuri, CEO of Akash Network, Decentralized Cloud | Blockchain Interviews
wiVrlo7XJA0	26094.0	Akash Network	Akash Accelerate 2025: Official Livestream
60mmj3bNzB0	25547.0	Akash Network	Akash Accelerate '24: Official Livestream
zAj41xSNPeI	148.0	Akash Network	Akash Accelerate 2025 - Starcluster
6r_OON8CNPs	4399.0	Akash Network	Akash Weekly - October 12th 2022
fVYeAVvuNLI	15855.0	Akash Network	Akash Accelerate '24: Official Recap
yhrGBt1UDTU	3537.0	HackingEDU	Training Day Keynote Talk
V3b3aoKEnEA	27899.0	Dcentral Con	DeFi Summit - Conference Day 1 - June 15th (Tuesday)
zMdytOFrxn0	787.0	Kong	AppDynamics’ Journey to Microservices [Keynote Part 9]
bez8jdbzmdE	1076.0	TelecomTV	No NFV? No 5G Super Panel - Part 2
h3TZJsCY12k	1218.0	Axelar Network	Web3 and the Future of Data | Enterprise Panel at Interop Summit 2023
UPB7VRMLzwg	2090.0	IAC Astrofísica	AEACI 2021: "Cosmos: 40 years of personal voyage"
m6eqn72dqzs	29613.0	Orchid Labs	Priv8 Virtual Privacy Summit 2021: Featuring Glenn Greenwald, Dr. Steven Waterhouse, and more!
8zJNx4sc0Ig	4252.0	Orchid Labs	Priv8 Virtual Summit 2021: Glenn Greenwald's Keynote
_xcRTNkpNuA	946.0	Blockchain Impact Institute	Panel Discussion: Application Blockchain
ihr-7u0cVd0	1274.0	THREEFOLD_EURASIA	Threefold Interview
xVyA98EtUOE	5090.0	ASU SCETL	'Religion in the Civic Sphere': A Panel Discussion
cLWTh4kh6sE	29.0	daniil863	Axelar. Empowering dApp builders and blockchain ecosystems
wp_VRgTW9Pg	222.0	Mahith	CookieMart HBC 2023 Axelar - Crypto Huskies
hIuu4IdlkKI	83.0	Axelar Fan	Cryptobrothers - AXELAR NETWORK
BrsHYEzfiYI	5114.0	FunctionalTV	BDSBTB 2015: Closing Panel
fPdqwebmJzE	3990.0	Bankless	What's the Point of Securities Laws? with Mike Selig
kYD1kNr3YCY	121.0	Stakewolle	Akash Network Joins Mesh Security Initiative
PyPfGOQ0UsI	859.0	Magna Crypto	These Small Cap Coins that could 100x | SingularityNet & Akash Network | Cryptocurrency Altcoins
G1DAmFMELdI	125.0	Crypto Lab	Polkadot Crypto | Polkadot Explained | What Is Polkadot Coin
SW5Bq5TEObg	3004.0	Digital Asset Yield Summit	Staking Mondays with Justin Sun of Tron $TRX
9U_2por-afA	5240.0	iGina Marketing	FIGT 2018 Early Bird Entrepreneur Panel
_48jKrbVa0U	2787.0	Untitled Linux Show	Kong - FLOSS Weekly 562
lqq62YaSj6Q	723.0	DefiBro Explains	DefiBro Explains DeFi on Solana. How to earn interest using Raydium and Solfarm
Up-J6r1Na0Q	1836.0	DevNetwork	API World Conference: Building the Nervous System of the Enterprise
ZSuoLgNWBRU	2304.0	CraftHub Events	Re-architecting Apache Kafka for the Cloud - GWEN SHAPIRA | Craft Conference 2021
MRkV8gJOqa8	167.0	Gem Finderz	Revolutionizing AI with Akash Network: AKT- Short
EeezgK-ubEA	589.0	KCN News	Interview with Akash Gaurav, CEO of Auxesis Group
UDa_t_GSpiM	3736.0	Frictionless Podcast by Logan Jastremski	Sergey Gorbunov | Co-Founder of Axelar | The Cross-Chain Future | Logan Jastremski Podcast #49
VhAZb5skdbI	3275.0	Wix Engineering Tech Talks	Gwen Shapira on Event Driven Architecture and Cloud Native Kafka
Ar9R-CX217o	1087.0	dotconferences	dotJS 2013 - Guillermo Rauch - The need for speed - Single-page apps,  Optimistic UIs, Reactivity
JKYWhR0hL2E	4863.0	REIMAGINE - Web3 Events and Media	REIMAGINE 2020 v2.0 - Sunny Aggarwal - Founder of Sikka - Blockchains Journey to Real Adoption
_q90buB6ll4	2502.0	Twilio	INSIGHT | Making the existing web real time - Guillermo Rauch (Socket.io & Cloudup)
ljWUTx2XtGs	814.0	Bankless	Axelar with Sergey Gorbunov | ETHDenver 2023 Interview #1
clcFilyks8Q	236.0	Crypt'n'Tricks	Axelar Network: Building Bridges Between Blockchains  Part 2
VmyO2U5qS_Y	3344.0	Cryptocito	Cosmos Cash Deep Dive and Ties to a Digital Euro (CBDC) - with Alessio Treglia from Tendermint
