0fBYZPHOQds	4101.0	Smart Economy Network	From AWS to Akash: Greg Osuri on Building a Decentralized Compute Marketplace
CWA3IAr9sc4	3085.0	TEACHMEDEFI	The Truth About Decentralized AI and the Future of Compute
QuVl2mVHRyo	4503.0	DePIN Connection	Akash Network - Decentralized Cloud Built for AI's Next Frontier
1V5Mk3yKYy0	3636.0	AllinCrypto	This Crypto Turns GPUs Into Income For Everyone!!!!
-1tcbW9WZOQ	3696.0	Akash Network	The Unstoppable Livestream w/ Sunny Aggarwal & Greg Osuri
_ejhD_lNs4s	4839.0	The Data Scientist Show	How do data scientist get into blockchain? Greg Osuri - The Data Scientist Show #007
JE-7d8tU3WQ	1287.0	Thecoinrepublic	Akash Network: A New Era of Affordable, Decentralized Cloud Computing with Greg Osuri | Varuni
XlFnp7eUw3M	3312.0	Web3 Working Group	Interview with Greg Osuri of Akash Network
2EOR5-QQmbI	43.0	Web3 Working Group	Greg Osuri, founder of Akash, answers the question "What Kind of Internet Do You Want?" #shorts
fVVvEFkIaUU	545.0	Block 2thefuture	Greg Osuri: The Akash Network
ai0Sh3ICH3w	46.0	Web3 Working Group	Greg Osuri: Web2 underutilizes compute resources & protocols like #Akash correct these. #shorts
pIX9lYr57fE	1176.0	Genzio	What is Akash Network? Greg Osuri on Decentralized Cloud Computing | Greg Osuri - Founder of Akash
7pEWlQnQ_8Q	2328.0	Ninepoint Partners	DeFi Decoded - Greg Osuri, CEO of Akash on why DeFi needs a Decentralized Internet to succeed
dz4dyGrcuIs	61.0	Web3 Working Group	Akash's Greg Osuri tells Amy about why he founded Angel Hack when he first moved to the US #shorts
VTJaABZMi9c	2953.0	The Index Podcast	Everything Bagel: Open Source AI, Security, and Decentralization with Greg Osuri, Founder at Akash
qdQFOS-uG_A	4322.0	Cryptocito	Most UNDERRATED Cosmos GEM? Akash Network Deep Dive with Greg Osuri!
5g9vJCIV1lo	989.0	Fluence	Decentralized solutions for cloud computing and AI  📌 Greg Osuri, Akash @ DePIN Day Austin
59w3DyJWAQc	3805.0	Fraction AI	The Infrastructure Behind Agentic Finance, with Shashank Yadav and Greg Osuri of Akash Network
i2AE257OCMA	3071.0	Orchid Labs	Future of Web 3 and the Battle for Data Sovereignty with Greg Osuri, CEO of Akash Networks
PUBL4eguqq4	3897.0	Akash Network	The Unstoppable Livestream: exiledsurfer and Greg Osuri
0BIIiQquYFI	1305.0	Akash Network	Akash Accelerate 2025  -  Greg Osuri Keynote
328BxcY4ec4	3677.0	Founder School	Akash Network (AKT) Explained: Everything You Need To Know Before Investing by Founder Greg Osuri
NOmzt7mv3RM	863.0	Joseph Raczynski	Tech Snippets Today - Greg Osuri - Founder at Akash with Joseph Raczynski
1LIqYGgu8cQ	124.0	Orchid Labs	Everyone Pays an Amazon Tax with Greg Osuri, Founder of Akash Network
NsXA2hC9dPw	1231.0	New to The Street TV	Akash Network’s (CRYPTO:AKT) ($AKT) interview with Mr. Greg Osuri CEO.
GwKZIY2aBe0	4220.0	Zima Red	Greg Osuri - Akash: Decentralized Compute Marketplace - ep 158
pSCkBP7Pw6Y	2642.0	Parks and Decentralization 	The GPU crisis that AI needs solved now.  W/ Greg Osuri, CEO Overclock Labs Akash Network
Oz-Oara8i78	3677.0	Akash Network	Akash Network Live with Greg Osuri: Akash's progress in 2023, open community development, and more
9zIidH8Cr2w	217.0	pinoyweb3TV	Greg Osuri Founder Akash Network | Cosmoverse Dubai 2024!
KxJSvgW5rGA	130.0	Solana	Greg Osuri - Founder of Akash Network / Solana Testimonial
ZhaDoqDXkIk	981.0	Pundi AI	Compute: Past, Present, and Future by Akash Network founder Greg Osuri at deAI Summit
XY33CFNI-OE	3178.0	Michaël van de Poppe	AKASH NETWORK (AKT) - Decentralized clouds, Staking, Cosmos & more!  - Interview with CEO Greg Osuri
GVrfHDg30-M	4702.0	Frictionless Podcast by Logan Jastremski	Building the Super Cloud of GPUs with Akash Founder Greg Osuri | EP #102
wVH1OYhNOeE	3260.0	Mission: DeFi	Mission: DeFi EP 92 - Greg Osuri - Akash is taking on the giants in hosted processing
S6AGsyg8v-I	934.0	ETHDenver	Revolutionizing GPU Access for AI Workloads | Greg Osuri - Akash Network
ci_r_fOVT04	3191.0	Mission: DeFi	Mission: DeFi EP 98 - Can Akash be a major player in AI with their GPU market? Founder Greg Osuri
-Kkj0veGYJU	4545.0	Akash Network	The Unstoppable Live Stream w/ Greg Osuri and Brian Fox
9MCrtBKQYkw	463.0	Akash Network	Akash Network CEO, Greg Osuri on Yahoo Finance
gLzJoHmx4Js	3557.0	Felix O. Hartmann	Building The Infrastructure Of Web3 | Greg Osuri Of Akash Network | The FH Show - EP16
tOnFXB7L0DY	6292.0	Digital Asset Yield Summit	Akash (40%+ staking APY) is taking over the $Bn Cloud Computing Market by AWS? Greg Osuri EXCLUSIVE
f3tZLp2CNgI	2961.0	Citizen Web3	The cloud, open source and flash loans with Greg Osuri
Esawduwv7AA	2699.0	We are DePIN	AWS at a Fraction of the Price – Greg Osuri | Akash Network
AWKVdqzUBAg	2456.0	Nebular	Greg Osuri of Akash on Unlocking DePIN Capabilities for AI Model Training
ESTCd9nb5CM	430.0	Yahoo Finance	Akash Network CEO on competing with Amazon AWS, decentralized cloud computing, and free speech
FqVgxTCWPgc	2667.0	Bittrex Global	Live AMA featuring Greg Osuri from the Akash Network!
T43OCZf2LO0	845.0	Founder School	Akash Network Explained: Everything You Need To Know Before Investing by Founder Greg Osuri
k0HPDluOlsQ	2410.0	Secret Network	Interview With Greg Osuri, Founder Of Akash Network
04-IN8Btp3U	1659.0	Akash Network	Keynote from Greg Osuri: "Journey to Acceleration & Beyond" - Akash Accelerate '24
pz6mvbr-qYc	349.0	Pundi AI	Interview with Akash Network founder/CEO Greg Osuri at deAI Summit TOKEN2049
BSqYPP5V0DU	133.0	Stakecito	Greg Osuri on AI, Market Cycles, and the Future of Akash
WKvrKWdc9OA	3692.0	Techpost	Overcoming the Challenges of Distributed Networks with Greg Osuri CEO Overclock Labs & Akash Network
pmEVbRTw_5k	962.0	Cosmoverse	The Supercloud - by Greg Osuri, Akash
lCRG5sAp_Sc	1909.0	Citizen Web3	Citizen Cosmos and OmniFlix Network: Conversations with Jack ft. Greg Osuri Akash Network, S1E1
CRA0yN28Dw8	3625.0	0xResearch	How Akash Network is Democratizing Access to Cloud GPUs | Greg Osuri
4nRz_dVhE28	1454.0	Akash Network	Erik Voorhees and Greg Osuri: "The Power of Permissionless" - Akash Accelerate '24
YAOp0b8Bb6k	1383.0	Kryptoplanet[Official]	[Solo Talk] Decentralization is saving AI where centralization failed by Greg Osuri
uR2DkoL8rHU	1265.0	Drake on Digital 	This is the future of Amazon web services.......Akash network
ubYh3RfdQHA	2888.0	Jerry V Hall	1on1 Greg Osuri - Akash
row18GzCS5w	3450.0	Akash Network	Akash Weekly - September 7th 2022
hf6MlnDl6Rs	2686.0	Orchid Labs	Priv8 Virtual Summit: Greg Osuri, Tor Bair, Ari Paul's Take on the Decentralized Future
PO-UpAZx-KM	2655.0	Arcane Bear	Blockchain & Cloud Computing - Akash Network W/ Greg Osuri
q8bZj9_HQXY	322.0	Bigeye Studios	Bitcoin Renaissance - Greg Osuri of Akash Network
RXW6N4R6j80	4561.0	Akash Network	The Akashian Challenge: Closing Live Stream
Rp_LL6tPDFU	3251.0	Proof of Coverage Media	Greg Osuri | Trump’s impact on crypto x AI, why DePIN is inevitable, and Akash Network revenue ATH’s
mk1P5-n2w8k	4896.0	Osmosis	Updates From the Lab 1/5/22 W/Akash
wAAHMYBOBSo	1169.0	InvestmentPitch Media	Greg Osuri, CEO of Akash Network, Decentralized Cloud | Blockchain Interviews
CCHnfFIavA8	3599.0	Design DAO	RNDR, Supercloud, 1.5T AI Market Cap – Interview with Greg Osuri about Akash
fUeDGAt7IUk	2995.0	Akash Network	The Akash Mainnet 2 Livestream w/ Greg Osuri and Adam Bozanich
T3nA1nAaLss	1383.0	PyTorch	Sponsored Session: Powering PyTorch: Decentralized Training for an Energy-Hungry Future - Greg Osuri
P8F-Ac0mitI	1186.0	Coinage	Akash Network's Greg Osuri on AI Fueling 1,729% Growth
Don1slbJlMQ	1864.0	CoinBundle	CEO of Overclock Labs On the World of Blockchain & Upcoming Technology In Development
zZ8icrAsNa8	12.0	Greg Osuri	Akash Supermini Prototype Demo
nTHa7tr277g	1222.0	Block 2thefuture	Panel: Decentralized Storage
C_MLHtkyyxw	3692.0	Techpost	Overcoming the Challenges of Distributed Networks with Greg Osuri CEO of Overclock Labs & Akash N...
9gI5CWNpDgw	2121.0	Bare Metal Podcast	Akash: $300 Million Incentives w/Greg Osuri | CEO of Overclock Labs,Founder & Akash Network
yWtu0y6xr7o	3831.0	Akash Network	Akash Weekly - November 9th 2022
RYs9UTXv43Q	4037.0	Fluence	Greg Osuri: Akash – Decentralizing Cloud Computing and Revolutionizing GPU Access (#10)
sV7J8rBI2yk	3396.0	Michael Huynh	Greg Osuri: Redefining Success Against All Odds | BTC Ep.7
XQVGt-fdKPY	3186.0	Akash Network	Akash Weekly - November 2nd 2022
oB45bmSF4uY	822.0	Akash Network	Ask Akash: Thoughts on usage metrics over the last year
G_pXEAo-ZsU	3837.0	Akash Network	Akashonomics: AKT Release Schedule
g7fFyRgivoU	1279.0	Crypto Rich	AKASH NETWORK -  DECENTRALISED CLOUD - DEEP DIVE - WITH THE CEO - 1 OF 2
M6-8x4WUMjo	2120.0	Akash Network	Akash Weekly Spaces - June 29th
9bEi1i2c12E	1704.0	Nebular	Greg Osuri, Marko Stokic, Michael Heinrich & Luki Song on Can User-Owned AI Compete with Big Tech?
21oNz5O1qzk	1928.0	OmniFlix Network	Conversations with Jack ft Greg Osuri - S1E1 - by OmniFlix Network & Citizen Cosmos
iV6Zu5_AVKA	1733.0	Dcentral Con	Enter Decentralized Cloud & Unstoppable Web with Akash Network & Deeper - DeFi Conference Day 1
zftMimmn2CY	3587.0	Akash Network	Akash Weekly - November 16th 2022
j9e7agFRup4	133.0	Akash Network	Akash Analysis - How Akash is censorship resistant
3Sv3EOSDnL8	845.0	TOKEN2049	Greg Osuri - Democratizing Access to AI Resources - TOKEN2049 Singapore 2024
FwJ4-Q27CRM	5669.0	Action Crypto	Most Successful Crypto Miner Failure, Akash Super Mini - Greg Osuri Interview CEO of Overclock Labs
K0iInoQojyg	3980.0	Cryptocito	Akash Network Deep Dive: The Unstoppable Cloud, Powered by Cosmos!
shFtDmsCGNc	1835.0	Akash Network	Akash AMA Livestream
FQZZiUAmLLI	1420.0	Stanford Blockchain Club	BASS 2024 10 Ben Fielding, Greg Osuri, Guy Wuollet, Steven Willinger
dG6b9lgJiWQ	94.0	Akash Network	What is Overclock Labs vs Akash Network
TWw18D8zUto	2880.0	Secret Network	Scaling Web3 and AI through DePIN with Greg Osuri!
MvQUKoM_1ME	1463.0	TFiR	Akash Network Is The Airbnb Of Cloud
BM-WU0TaynU	4667.0	Akash Network	Akash Weekly - November 30th 2022
egfFJqkSCLw	3168.0	Akash Network	Akash Weekly - July 6th 2022
gOQBZAhrRsI	69.0	Digital Summit	Greg Osuri New
y5_GlfUj5to	2808.0	Akash Network	Akash Weekly Spaces - June 15th
