C_MLHtkyyxw	3692.0	Techpost	Overcoming the Challenges of Distributed Networks with Greg Osuri CEO of Overclock Labs & Akash N...
WKvrKWdc9OA	3692.0	Techpost	Overcoming the Challenges of Distributed Networks with Greg Osuri CEO Overclock Labs & Akash Network
ubYh3RfdQHA	2888.0	Jerry V Hall	1on1 Greg Osuri - Akash
9gI5CWNpDgw	2121.0	Bare Metal Podcast	Akash: $300 Million Incentives w/Greg Osuri | CEO of Overclock Labs,Founder & Akash Network
pSCkBP7Pw6Y	2642.0	Parks and Decentralization 	The GPU crisis that AI needs solved now.  W/ Greg Osuri, CEO Overclock Labs Akash Network
YAOp0b8Bb6k	1383.0	Kryptoplanet[Official]	[Solo Talk] Decentralization is saving AI where centralization failed by Greg Osuri
Don1slbJlMQ	1864.0	CoinBundle	CEO of Overclock Labs On the World of Blockchain & Upcoming Technology In Development
i2AE257OCMA	3071.0	Orchid Labs	Future of Web 3 and the Battle for Data Sovereignty with Greg Osuri, CEO of Akash Networks
0fBYZPHOQds	4101.0	Smart Economy Network	From AWS to Akash: Greg Osuri on Building a Decentralized Compute Marketplace
GwKZIY2aBe0	4220.0	Zima Red	Greg Osuri - Akash: Decentralized Compute Marketplace - ep 158
dG6b9lgJiWQ	94.0	Akash Network	What is Overclock Labs vs Akash Network
CCHnfFIavA8	3599.0	Design DAO	RNDR, Supercloud, 1.5T AI Market Cap – Interview with Greg Osuri about Akash
FwJ4-Q27CRM	5669.0	Action Crypto	Most Successful Crypto Miner Failure, Akash Super Mini - Greg Osuri Interview CEO of Overclock Labs
328BxcY4ec4	3677.0	Founder School	Akash Network (AKT) Explained: Everything You Need To Know Before Investing by Founder Greg Osuri
5g9vJCIV1lo	989.0	Fluence	Decentralized solutions for cloud computing and AI  📌 Greg Osuri, Akash @ DePIN Day Austin
1LIqYGgu8cQ	124.0	Orchid Labs	Everyone Pays an Amazon Tax with Greg Osuri, Founder of Akash Network
fVVvEFkIaUU	545.0	Block 2thefuture	Greg Osuri: The Akash Network
ZhaDoqDXkIk	981.0	Pundi AI	Compute: Past, Present, and Future by Akash Network founder Greg Osuri at deAI Summit
2EOR5-QQmbI	43.0	Web3 Working Group	Greg Osuri, founder of Akash, answers the question "What Kind of Internet Do You Want?" #shorts
PUBL4eguqq4	3897.0	Akash Network	The Unstoppable Livestream: exiledsurfer and Greg Osuri
ai0Sh3ICH3w	46.0	Web3 Working Group	Greg Osuri: Web2 underutilizes compute resources & protocols like #Akash correct these. #shorts
pz6mvbr-qYc	349.0	Pundi AI	Interview with Akash Network founder/CEO Greg Osuri at deAI Summit TOKEN2049
7pEWlQnQ_8Q	2328.0	Ninepoint Partners	DeFi Decoded - Greg Osuri, CEO of Akash on why DeFi needs a Decentralized Internet to succeed
dz4dyGrcuIs	61.0	Web3 Working Group	Akash's Greg Osuri tells Amy about why he founded Angel Hack when he first moved to the US #shorts
AWKVdqzUBAg	2456.0	Nebular	Greg Osuri of Akash on Unlocking DePIN Capabilities for AI Model Training
TWw18D8zUto	2880.0	Secret Network	Scaling Web3 and AI through DePIN with Greg Osuri!
wVH1OYhNOeE	3260.0	Mission: DeFi	Mission: DeFi EP 92 - Greg Osuri - Akash is taking on the giants in hosted processing
8O3HfvHSfqk	3052.0	Software Engineering Daily	A Decentralized Compute Marketplace with Greg Osuri
GVrfHDg30-M	4702.0	Frictionless Podcast by Logan Jastremski	Building the Super Cloud of GPUs with Akash Founder Greg Osuri | EP #102
BlfmFCEycW0	2970.0	Bittrex Global	We're live with Greg Osuri from Akash Network (AKT)
JE-7d8tU3WQ	1287.0	Thecoinrepublic	Akash Network: A New Era of Affordable, Decentralized Cloud Computing with Greg Osuri | Varuni
59w3DyJWAQc	3805.0	Fraction AI	The Infrastructure Behind Agentic Finance, with Shashank Yadav and Greg Osuri of Akash Network
Nvj2ruVPfYQ	1811.0	HackerNoon	E04 - Decentralizing the Cloud with Greg Osuri
21oNz5O1qzk	1928.0	OmniFlix Network	Conversations with Jack ft Greg Osuri - S1E1 - by OmniFlix Network & Citizen Cosmos
04-IN8Btp3U	1659.0	Akash Network	Keynote from Greg Osuri: "Journey to Acceleration & Beyond" - Akash Accelerate '24
FQZZiUAmLLI	1420.0	Stanford Blockchain Club	BASS 2024 10 Ben Fielding, Greg Osuri, Guy Wuollet, Steven Willinger
Esawduwv7AA	2699.0	We are DePIN	AWS at a Fraction of the Price – Greg Osuri | Akash Network
CRA0yN28Dw8	3625.0	0xResearch	How Akash Network is Democratizing Access to Cloud GPUs | Greg Osuri
ImwkqmOSUkE	2728.0	Chris Joannou	DePin, Scams & Decentralized ML
pmEVbRTw_5k	962.0	Cosmoverse	The Supercloud - by Greg Osuri, Akash
4nRz_dVhE28	1454.0	Akash Network	Erik Voorhees and Greg Osuri: "The Power of Permissionless" - Akash Accelerate '24
gLzJoHmx4Js	3557.0	Felix O. Hartmann	Building The Infrastructure Of Web3 | Greg Osuri Of Akash Network | The FH Show - EP16
yfBYYjtzsX0	1703.0	Dcentral Con	Decentralized Cloud - DCENTRAL Austin 2022
T43OCZf2LO0	845.0	Founder School	Akash Network Explained: Everything You Need To Know Before Investing by Founder Greg Osuri
FqVgxTCWPgc	2667.0	Bittrex Global	Live AMA featuring Greg Osuri from the Akash Network!
VKDw4KZ23G4	1629.0	Messari	Akash's Greg Osuri on the Future of Cloud Computing | Mainnet 2024
3Sv3EOSDnL8	845.0	TOKEN2049	Greg Osuri - Democratizing Access to AI Resources - TOKEN2049 Singapore 2024
3AvWFwSfbaU	4082.0	Louisiana Swamp Rat	ADRIAN STEWART Akash $AKT Interview Greg Osuri #AI #GPU #AISupercloud ElonTrades Cosmos ATOM
cvMDcUSh1Zg	4719.0	$1 To $1 Million Podcast	Akash: Crypto's AI Supercloud W/Greg Osuri
Oz-Oara8i78	3677.0	Akash Network	Akash Network Live with Greg Osuri: Akash's progress in 2023, open community development, and more
