9bEi1i2c12E	1704.0	Nebular	Greg Osuri, Marko Stokic, Michael Heinrich & Luki Song on Can User-Owned AI Compete with Big Tech?
5g9vJCIV1lo	989.0	Fluence	Decentralized solutions for cloud computing and AI  📌 Greg Osuri, Akash @ DePIN Day Austin
VTJaABZMi9c	2953.0	The Index Podcast	Everything Bagel: Open Source AI, Security, and Decentralization with Greg Osuri, Founder at Akash
0fBYZPHOQds	4101.0	Smart Economy Network	From AWS to Akash: Greg Osuri on Building a Decentralized Compute Marketplace
3Sv3EOSDnL8	845.0	TOKEN2049	Greg Osuri - Democratizing Access to AI Resources - TOKEN2049 Singapore 2024
59w3DyJWAQc	3805.0	Fraction AI	The Infrastructure Behind Agentic Finance, with Shashank Yadav and Greg Osuri of Akash Network
CWA3IAr9sc4	3085.0	TEACHMEDEFI	The Truth About Decentralized AI and the Future of Compute
T3nA1nAaLss	1383.0	PyTorch	Sponsored Session: Powering PyTorch: Decentralized Training for an Energy-Hungry Future - Greg Osuri
TWw18D8zUto	2880.0	Secret Network	Scaling Web3 and AI through DePIN with Greg Osuri!
61OOQfY5cqU	6960.0	Changelog	Solving the AI energy crisis | Greg Osuri on what it takes to power AI
S6AGsyg8v-I	934.0	ETHDenver	Revolutionizing GPU Access for AI Workloads | Greg Osuri - Akash Network
pSCkBP7Pw6Y	2642.0	Parks and Decentralization 	The GPU crisis that AI needs solved now.  W/ Greg Osuri, CEO Overclock Labs Akash Network
BSqYPP5V0DU	133.0	Stakecito	Greg Osuri on AI, Market Cycles, and the Future of Akash
AWKVdqzUBAg	2456.0	Nebular	Greg Osuri of Akash on Unlocking DePIN Capabilities for AI Model Training
P8F-Ac0mitI	1186.0	Coinage	Akash Network's Greg Osuri on AI Fueling 1,729% Growth
3AvWFwSfbaU	4082.0	Louisiana Swamp Rat	ADRIAN STEWART Akash $AKT Interview Greg Osuri #AI #GPU #AISupercloud ElonTrades Cosmos ATOM
FBHsD1bgtvc	1214.0	Blockworks	Superintelligence Needs The Supercloud Why the AI Revolution... | PMLS 2025 | Day 3 | Open Source AI
_ejhD_lNs4s	4839.0	The Data Scientist Show	How do data scientist get into blockchain? Greg Osuri - The Data Scientist Show #007
ci_r_fOVT04	3191.0	Mission: DeFi	Mission: DeFi EP 98 - Can Akash be a major player in AI with their GPU market? Founder Greg Osuri
CCHnfFIavA8	3599.0	Design DAO	RNDR, Supercloud, 1.5T AI Market Cap – Interview with Greg Osuri about Akash
i2AE257OCMA	3071.0	Orchid Labs	Future of Web 3 and the Battle for Data Sovereignty with Greg Osuri, CEO of Akash Networks
FQZZiUAmLLI	1420.0	Stanford Blockchain Club	BASS 2024 10 Ben Fielding, Greg Osuri, Guy Wuollet, Steven Willinger
QuVl2mVHRyo	4503.0	DePIN Connection	Akash Network - Decentralized Cloud Built for AI's Next Frontier
YAOp0b8Bb6k	1383.0	Kryptoplanet[Official]	[Solo Talk] Decentralization is saving AI where centralization failed by Greg Osuri
_4cu3b3jJgk	452.0	Crypto World Daily	Decentralized Infrastructure Allows America to Compete on AI—Greg Osuri
F_wsWsZTaxs	1416.0	Akash Network	Akash Accelerate 2025 - Javier Villamizar & Greg Osuri Fireside chat
1wJUY7jNDXQ	2855.0	The Bittensor Hub	Where Crypto and AI Meet | Featuring Akash, Bittensor, Gensyn & DCG (April 26, 2023)
1LIqYGgu8cQ	124.0	Orchid Labs	Everyone Pays an Amazon Tax with Greg Osuri, Founder of Akash Network
Rp_LL6tPDFU	3251.0	Proof of Coverage Media	Greg Osuri | Trump’s impact on crypto x AI, why DePIN is inevitable, and Akash Network revenue ATH’s
9gI5CWNpDgw	2121.0	Bare Metal Podcast	Akash: $300 Million Incentives w/Greg Osuri | CEO of Overclock Labs,Founder & Akash Network
k0HPDluOlsQ	2410.0	Secret Network	Interview With Greg Osuri, Founder Of Akash Network
wVH1OYhNOeE	3260.0	Mission: DeFi	Mission: DeFi EP 92 - Greg Osuri - Akash is taking on the giants in hosted processing
pz6mvbr-qYc	349.0	Pundi AI	Interview with Akash Network founder/CEO Greg Osuri at deAI Summit TOKEN2049
sV7J8rBI2yk	3396.0	Michael Huynh	Greg Osuri: Redefining Success Against All Odds | BTC Ep.7
FwJ4-Q27CRM	5669.0	Action Crypto	Most Successful Crypto Miner Failure, Akash Super Mini - Greg Osuri Interview CEO of Overclock Labs
4nRz_dVhE28	1454.0	Akash Network	Erik Voorhees and Greg Osuri: "The Power of Permissionless" - Akash Accelerate '24
dz4dyGrcuIs	61.0	Web3 Working Group	Akash's Greg Osuri tells Amy about why he founded Angel Hack when he first moved to the US #shorts
ZhaDoqDXkIk	981.0	Pundi AI	Compute: Past, Present, and Future by Akash Network founder Greg Osuri at deAI Summit
vMx6G0ZOxeo	1741.0	LegendsNLeaders	Greg Osuri, CEO of Akash Network, on why compute should be shared with a decentralized marketplace!
BQONg2f0zQc	1712.0	DACM Insights	DACM Insights: Decentralizing AI, The Akash Approach
NsXA2hC9dPw	1231.0	New to The Street TV	Akash Network’s (CRYPTO:AKT) ($AKT) interview with Mr. Greg Osuri CEO.
JgD4BzHEcu4	941.0	Blockworks	Beyond GPUs: How Decentralization Can Solve AI's Biggest Scaling Bottleneck | Day 2 | Crypto x AI
8JupQI6jnRs	4567.0	Greg Osuri	Building a React App live with AI
1V5Mk3yKYy0	3636.0	AllinCrypto	This Crypto Turns GPUs Into Income For Everyone!!!!
ubYh3RfdQHA	2888.0	Jerry V Hall	1on1 Greg Osuri - Akash
FXMqaH_0LCg	2012.0	Kryptoplanet[Official]	[Panel] ​“Decentralized Computing as a Business”
3_gGBRqzxrQ	3300.0	The Interop	Why Decentralized AI Needs Cosmos: Greg Osuri of Akash Explains
NH9vbSk1QNk	440.0	Coinage	AI is using chips faster than Nvidia can make them. How crypto is helping | Akash and Render Token
Rq0UByMDUv4	3559.0	Eye on AI	Why the Future of AI Depends on Decentralized Cloud Platforms
cvMDcUSh1Zg	4719.0	$1 To $1 Million Podcast	Akash: Crypto's AI Supercloud W/Greg Osuri
