FBHsD1bgtvc	1214.0	Blockworks	Superintelligence Needs The Supercloud Why the AI Revolution... | PMLS 2025 | Day 3 | Open Source AI
0BIIiQquYFI	1305.0	Akash Network	Akash Accelerate 2025  -  Greg Osuri Keynote
8GOaS_SQWuE	1780.0	Kong	Serverless Panel: Komal Mangtani, Greg Osuri, Guillermo Rauch, Gwen Shapira
gOQBZAhrRsI	69.0	Digital Summit	Greg Osuri New
9bEi1i2c12E	1704.0	Nebular	Greg Osuri, Marko Stokic, Michael Heinrich & Luki Song on Can User-Owned AI Compete with Big Tech?
nTHa7tr277g	1222.0	Block 2thefuture	Panel: Decentralized Storage
fVVvEFkIaUU	545.0	Block 2thefuture	Greg Osuri: The Akash Network
Nvj2ruVPfYQ	1811.0	HackerNoon	E04 - Decentralizing the Cloud with Greg Osuri
AWKVdqzUBAg	2456.0	Nebular	Greg Osuri of Akash on Unlocking DePIN Capabilities for AI Model Training
EeghIeZppQI	1703.0	MineYour.₿iz Classic	I Moderated A Panel at DCENTRAL Austin 2022 on Decentralized Cloud!
tOnFXB7L0DY	6292.0	Digital Asset Yield Summit	Akash (40%+ staking APY) is taking over the $Bn Cloud Computing Market by AWS? Greg Osuri EXCLUSIVE
OHQnZEaMEHU	2125.0	Cosmoverse	AI Made in Cosmos - with Greg Osuri, Murthy Vitwit, Valery Litvin & Dean Tribble
sqM4s_5UyMI	525.0	Cito Zone: Cosmos Research, DeFi Guides & Airdrops	Superfluid Staking vs Liquid Staking? Zaki Manian, Greg Osuri, Jack Zampolin, & Cryptocito
Don1slbJlMQ	1864.0	CoinBundle	CEO of Overclock Labs On the World of Blockchain & Upcoming Technology In Development
mPy-ZVjNU4U	1660.0	Caladan	More than Decentralised Compute | Converge @ EthCC 2024
_UG21_OaZLo	1703.0	IOSG Ventures	IOSG OFR 13th Panel | GPU Symphony: Decentralized Compute Power
FXMqaH_0LCg	2012.0	Kryptoplanet[Official]	[Panel] ​“Decentralized Computing as a Business”
7z6pynSNjmw	2004.0	Sahara AI 	Key Challenges in Building Decentralized AI Infrastructure | AI / ALL Summit
999NHrdnGEo	1467.0	Secret Network	AtomDenver panel: AI 🤝 Crypto
JgD4BzHEcu4	941.0	Blockworks	Beyond GPUs: How Decentralization Can Solve AI's Biggest Scaling Bottleneck | Day 2 | Crypto x AI
XQVGt-fdKPY	3186.0	Akash Network	Akash Weekly - November 2nd 2022
QD0dxndS3m4	2042.0	Open AGI	Leveraging Incentives to Build with Your Community | Open AGI Summit | Brussels 2024
row18GzCS5w	3450.0	Akash Network	Akash Weekly - September 7th 2022
YasgYOQtxR0	789.0	Akash Network	The Problem w/Blockchains on Big Cloud
-4ChC2lkNRI	992.0	Cosmos	Pioneering DePIN Growth
uGlflVLgYjI	1879.0	Akash Network	Dcentral 2022 - DeCloud - Decentralized Cloud & Storage
uUoePJrzyDQ	2276.0	Recall Network	Decentralizing AI: Compute Protocols and Proof of Work - Panel Discussion | Proof of Data 2024
Xa-OsulzXAo	3130.0	Akash Network	Akash Weekly - July 20th
BM-WU0TaynU	4667.0	Akash Network	Akash Weekly - November 30th 2022
ZJsBvlHOIb4	3676.0	Akash Network	Akask Weekly - Aug 3rd 2022
1SjcSAQKY7g	2734.0	Akash Network	Akash Weekly - September 21st 2022
pJJGXpa_T4w	154.0	Greg Osuri	Dave McClure breaking it down at the ChickMeetsGeek party
o2khlH9vX2M	3243.0	Olas	Agents Unleashed - Progress In The Decentralized AI Stack (Training, Fine-Tuning, Inference)
c0SEzEtNZ8k	3606.0	Akash Network	Akash Weekly - October 28th 2022
6r_OON8CNPs	4399.0	Akash Network	Akash Weekly - October 12th 2022
yWtu0y6xr7o	3831.0	Akash Network	Akash Weekly - November 9th 2022
eqwoP7iMh7g	3526.0	Akash Network	Akash Weekly - August 10th 2022
dJKFr9wAYwA	3553.0	Akash Network	Akash Weekly - October 19th 2022
zftMimmn2CY	3587.0	Akash Network	Akash Weekly - November 16th 2022
Ckp4eQ94ojM	4019.0	Akash Network	Akash Weekly - September 14th 2022
mODQ86rJws8	2720.0	Delphi Digital	Sovereign AI's Battlefield: Compute, Storage, & Running On The Edge | Crypto x AI Event
Zhs18DcjSKo	2801.0	Akash Network	Akash Weekly - September 28th 2022
c4jPJjJz0vo	1553.0	Comdex	Comdex Mainnet Launch Party | Panel-1 | The rise of DeFi in the Cosmos Ecosystem
_NZhdhw5f4s	3462.0	Akash Network	Akash Weekly - October 5th 2022
-XfPrBtBiKA	1777.0	Linera: Real-Time Blockchain	Evolution to AGI Panel at Web3_AI Day | Encode Club | Linera, Ritual, Nillion, Akash Network
dvSZiyAkd-A	2007.0	GetGlobal	Entertainment Anti-Piracy Panel - GetGlobal 2017
nJVqxRUkxFA	2104.0	Akash Network	Akash Weekly - August 24th 2022
Vvn-WmSXB7c	1369.0	Messari	It Just Works: Letting Mainstream Firms Plug Into Crypto - Messari Mainnet 2022
xr6ZLHwuo2w	2467.0	TOKEN2049	DePIN: Hype or the Next Trillion-Dollar Market? - TOKEN2049 Singapore 2025
xVyA98EtUOE	5090.0	ASU SCETL	'Religion in the Civic Sphere': A Panel Discussion
