HmRIa6PhO8Q	1661.0	Akash Alpha	Akash Founder: Why We're Leaving our Sovereign L1 Behind
pp_eAqIb8Jw	303.0	Akash Network	Founders Reflect on Why Akash was Created
XY33CFNI-OE	3178.0	Michaël van de Poppe	AKASH NETWORK (AKT) - Decentralized clouds, Staking, Cosmos & more!  - Interview with CEO Greg Osuri
0fBYZPHOQds	4101.0	Smart Economy Network	From AWS to Akash: Greg Osuri on Building a Decentralized Compute Marketplace
XlFnp7eUw3M	3312.0	Web3 Working Group	Interview with Greg Osuri of Akash Network
pz6mvbr-qYc	349.0	Pundi AI	Interview with Akash Network founder/CEO Greg Osuri at deAI Summit TOKEN2049
k0HPDluOlsQ	2410.0	Secret Network	Interview With Greg Osuri, Founder Of Akash Network
CRA0yN28Dw8	3625.0	0xResearch	How Akash Network is Democratizing Access to Cloud GPUs | Greg Osuri
NsXA2hC9dPw	1231.0	New to The Street TV	Akash Network’s (CRYPTO:AKT) ($AKT) interview with Mr. Greg Osuri CEO.
fVVvEFkIaUU	545.0	Block 2thefuture	Greg Osuri: The Akash Network
gLzJoHmx4Js	3557.0	Felix O. Hartmann	Building The Infrastructure Of Web3 | Greg Osuri Of Akash Network | The FH Show - EP16
ubYh3RfdQHA	2888.0	Jerry V Hall	1on1 Greg Osuri - Akash
7pEWlQnQ_8Q	2328.0	Ninepoint Partners	DeFi Decoded - Greg Osuri, CEO of Akash on why DeFi needs a Decentralized Internet to succeed
pSCkBP7Pw6Y	2642.0	Parks and Decentralization 	The GPU crisis that AI needs solved now.  W/ Greg Osuri, CEO Overclock Labs Akash Network
P8F-Ac0mitI	1186.0	Coinage	Akash Network's Greg Osuri on AI Fueling 1,729% Growth
0JrIenhz0fQ	1171.0	Crypto Coin Show	Greg Osuri, CEO of Akash Network, Decentralized Cloud | Blockchain Interviews
KxJSvgW5rGA	130.0	Solana	Greg Osuri - Founder of Akash Network / Solana Testimonial
sRtkAUdqNFs	3017.0	MikoBits Blockchain, NFT and DeFi Show	Akash Network, Cloud Computing on Blockchain
2EOR5-QQmbI	43.0	Web3 Working Group	Greg Osuri, founder of Akash, answers the question "What Kind of Internet Do You Want?" #shorts
g7fFyRgivoU	1279.0	Crypto Rich	AKASH NETWORK -  DECENTRALISED CLOUD - DEEP DIVE - WITH THE CEO - 1 OF 2
1LIqYGgu8cQ	124.0	Orchid Labs	Everyone Pays an Amazon Tax with Greg Osuri, Founder of Akash Network
CCHnfFIavA8	3599.0	Design DAO	RNDR, Supercloud, 1.5T AI Market Cap – Interview with Greg Osuri about Akash
QuVl2mVHRyo	4503.0	DePIN Connection	Akash Network - Decentralized Cloud Built for AI's Next Frontier
Oz-Oara8i78	3677.0	Akash Network	Akash Network Live with Greg Osuri: Akash's progress in 2023, open community development, and more
FqVgxTCWPgc	2667.0	Bittrex Global	Live AMA featuring Greg Osuri from the Akash Network!
K0iInoQojyg	3980.0	Cryptocito	Akash Network Deep Dive: The Unstoppable Cloud, Powered by Cosmos!
JE-7d8tU3WQ	1287.0	Thecoinrepublic	Akash Network: A New Era of Affordable, Decentralized Cloud Computing with Greg Osuri | Varuni
dz4dyGrcuIs	61.0	Web3 Working Group	Akash's Greg Osuri tells Amy about why he founded Angel Hack when he first moved to the US #shorts
FwJ4-Q27CRM	5669.0	Action Crypto	Most Successful Crypto Miner Failure, Akash Super Mini - Greg Osuri Interview CEO of Overclock Labs
tOnFXB7L0DY	6292.0	Digital Asset Yield Summit	Akash (40%+ staking APY) is taking over the $Bn Cloud Computing Market by AWS? Greg Osuri EXCLUSIVE
IhwTHcOwNwg	1866.0	SkyInclude	Akash Networks (And How Handshake Works Together)
9zIidH8Cr2w	217.0	pinoyweb3TV	Greg Osuri Founder Akash Network | Cosmoverse Dubai 2024!
mbT06K1zjZc	1600.0	Crypto Rich	AKASH NETWORK -  DECENTRALISED CLOUD - DEEP DIVE - WITH THE CEO - 2 OF 2
G_pXEAo-ZsU	3837.0	Akash Network	Akashonomics: AKT Release Schedule
WKvrKWdc9OA	3692.0	Techpost	Overcoming the Challenges of Distributed Networks with Greg Osuri CEO Overclock Labs & Akash Network
FDA9wqZmsY8	6306.0	Don Cryptonium	Akash Network - Chat With a Founder Greg Osuri
-Kkj0veGYJU	4545.0	Akash Network	The Unstoppable Live Stream w/ Greg Osuri and Brian Fox
PO-UpAZx-KM	2655.0	Arcane Bear	Blockchain & Cloud Computing - Akash Network W/ Greg Osuri
ai0Sh3ICH3w	46.0	Web3 Working Group	Greg Osuri: Web2 underutilizes compute resources & protocols like #Akash correct these. #shorts
i2AE257OCMA	3071.0	Orchid Labs	Future of Web 3 and the Battle for Data Sovereignty with Greg Osuri, CEO of Akash Networks
C_MLHtkyyxw	3692.0	Techpost	Overcoming the Challenges of Distributed Networks with Greg Osuri CEO of Overclock Labs & Akash N...
-1tcbW9WZOQ	3696.0	Akash Network	The Unstoppable Livestream w/ Sunny Aggarwal & Greg Osuri
Nvj2ruVPfYQ	1811.0	HackerNoon	E04 - Decentralizing the Cloud with Greg Osuri
uR2DkoL8rHU	1265.0	Drake on Digital 	This is the future of Amazon web services.......Akash network
4WfLLh4942s	472.0	Akash Network	How Secret & Akash Network can Work Together
_9Vmhr-vU9s	3472.0	New to The Street TV	New to the Street 228, September 12, 2021
JXPcr-Qvz3c	1261.0	Mr. Rigden	Nick Alesandro of Akash Network
MvQUKoM_1ME	1463.0	TFiR	Akash Network Is The Airbnb Of Cloud
xhuhCng_JyA	3230.0	Akash Network	Akash Office Hours : End of Year Product Update
rm7wqu9aoFo	743.0	The Babylonians	Akash Network Review | The Airbnb of Cloud Computing
