F_wsWsZTaxs	1416.0	Akash Network	Akash Accelerate 2025 - Javier Villamizar & Greg Osuri Fireside chat
uhrU0W4J05w	2100.0	Solana	Solana: The World's Fastest Blockchain (fireside chat at Node)
e1zI3d1BlK4	3480.0	Solana	Fireside Chat: Stani Kulechov, Founder of Aave
dvSZiyAkd-A	2007.0	GetGlobal	Entertainment Anti-Piracy Panel - GetGlobal 2017
V3b3aoKEnEA	27899.0	Dcentral Con	DeFi Summit - Conference Day 1 - June 15th (Tuesday)
h3TZJsCY12k	1218.0	Axelar Network	Web3 and the Future of Data | Enterprise Panel at Interop Summit 2023
P-S0B5l93Tc	2056.0	Edge	BUILDing a Scalable Decentralized Financial System
Up-J6r1Na0Q	1836.0	DevNetwork	API World Conference: Building the Nervous System of the Enterprise
mo4hhVbrGhg	4139.0	Dead Cat Markets	What is Gnoland? Jae Kwon Interview: fireworks, alpha, & answers to community questions
QWA_c5ZQZ9U	926.0	Solana	Breakpoint 2023: Render Network
mdKb_hDDqfA	2489.0	Agent	Guillermo Rauch & Leo Lamprecht: Folding Space and Time
qKjiP9lAPEo	3568.0	Frictionless Podcast by Logan Jastremski	Integrated Blockchains and DePIN with Multicoin Co-Founder Kyle Samani | #105
kFC5LHUGQY4	3006.0	Macro Hive	Ari Paul on Valuing Bitcoin, Ethereum Killers and Metaverse Bubbles | MHC 93
jGVllImCdWg	6651.0	JCC Tunisie	Panel : No MEANS NO
RiIb1Z1pEtU	4801.0	Frictionless Podcast by Logan Jastremski	Solana 2.0 - The return to greatness with Anatoly Yakovenko | EP #100
