-1tcbW9WZOQ	3696.0	Akash Network	The Unstoppable Livestream w/ Sunny Aggarwal & Greg Osuri
PUBL4eguqq4	3897.0	Akash Network	The Unstoppable Livestream: exiledsurfer and Greg Osuri
9bEi1i2c12E	1704.0	Nebular	Greg Osuri, Marko Stokic, Michael Heinrich & Luki Song on Can User-Owned AI Compete with Big Tech?
2EOR5-QQmbI	43.0	Web3 Working Group	Greg Osuri, founder of Akash, answers the question "What Kind of Internet Do You Want?" #shorts
21oNz5O1qzk	1928.0	OmniFlix Network	Conversations with Jack ft Greg Osuri - S1E1 - by OmniFlix Network & Citizen Cosmos
5g9vJCIV1lo	989.0	Fluence	Decentralized solutions for cloud computing and AI  📌 Greg Osuri, Akash @ DePIN Day Austin
XlFnp7eUw3M	3312.0	Web3 Working Group	Interview with Greg Osuri of Akash Network
YAOp0b8Bb6k	1383.0	Kryptoplanet[Official]	[Solo Talk] Decentralization is saving AI where centralization failed by Greg Osuri
Esawduwv7AA	2699.0	We are DePIN	AWS at a Fraction of the Price – Greg Osuri | Akash Network
gOQBZAhrRsI	69.0	Digital Summit	Greg Osuri New
TWw18D8zUto	2880.0	Secret Network	Scaling Web3 and AI through DePIN with Greg Osuri!
7pEWlQnQ_8Q	2328.0	Ninepoint Partners	DeFi Decoded - Greg Osuri, CEO of Akash on why DeFi needs a Decentralized Internet to succeed
JE-7d8tU3WQ	1287.0	Thecoinrepublic	Akash Network: A New Era of Affordable, Decentralized Cloud Computing with Greg Osuri | Varuni
fVVvEFkIaUU	545.0	Block 2thefuture	Greg Osuri: The Akash Network
-Kkj0veGYJU	4545.0	Akash Network	The Unstoppable Live Stream w/ Greg Osuri and Brian Fox
T3nA1nAaLss	1383.0	PyTorch	Sponsored Session: Powering PyTorch: Decentralized Training for an Energy-Hungry Future - Greg Osuri
NsXA2hC9dPw	1231.0	New to The Street TV	Akash Network’s (CRYPTO:AKT) ($AKT) interview with Mr. Greg Osuri CEO.
i2AE257OCMA	3071.0	Orchid Labs	Future of Web 3 and the Battle for Data Sovereignty with Greg Osuri, CEO of Akash Networks
k0HPDluOlsQ	2410.0	Secret Network	Interview With Greg Osuri, Founder Of Akash Network
wVH1OYhNOeE	3260.0	Mission: DeFi	Mission: DeFi EP 92 - Greg Osuri - Akash is taking on the giants in hosted processing
ci_r_fOVT04	3191.0	Mission: DeFi	Mission: DeFi EP 98 - Can Akash be a major player in AI with their GPU market? Founder Greg Osuri
FQZZiUAmLLI	1420.0	Stanford Blockchain Club	BASS 2024 10 Ben Fielding, Greg Osuri, Guy Wuollet, Steven Willinger
1LIqYGgu8cQ	124.0	Orchid Labs	Everyone Pays an Amazon Tax with Greg Osuri, Founder of Akash Network
lCRG5sAp_Sc	1909.0	Citizen Web3	Citizen Cosmos and OmniFlix Network: Conversations with Jack ft. Greg Osuri Akash Network, S1E1
Oz-Oara8i78	3677.0	Akash Network	Akash Network Live with Greg Osuri: Akash's progress in 2023, open community development, and more
ubYh3RfdQHA	2888.0	Jerry V Hall	1on1 Greg Osuri - Akash
AWKVdqzUBAg	2456.0	Nebular	Greg Osuri of Akash on Unlocking DePIN Capabilities for AI Model Training
dz4dyGrcuIs	61.0	Web3 Working Group	Akash's Greg Osuri tells Amy about why he founded Angel Hack when he first moved to the US #shorts
ai0Sh3ICH3w	46.0	Web3 Working Group	Greg Osuri: Web2 underutilizes compute resources & protocols like #Akash correct these. #shorts
4nRz_dVhE28	1454.0	Akash Network	Erik Voorhees and Greg Osuri: "The Power of Permissionless" - Akash Accelerate '24
pz6mvbr-qYc	349.0	Pundi AI	Interview with Akash Network founder/CEO Greg Osuri at deAI Summit TOKEN2049
_ejhD_lNs4s	4839.0	The Data Scientist Show	How do data scientist get into blockchain? Greg Osuri - The Data Scientist Show #007
RYs9UTXv43Q	4037.0	Fluence	Greg Osuri: Akash – Decentralizing Cloud Computing and Revolutionizing GPU Access (#10)
ZhaDoqDXkIk	981.0	Pundi AI	Compute: Past, Present, and Future by Akash Network founder Greg Osuri at deAI Summit
WKvrKWdc9OA	3692.0	Techpost	Overcoming the Challenges of Distributed Networks with Greg Osuri CEO Overclock Labs & Akash Network
pIX9lYr57fE	1176.0	Genzio	What is Akash Network? Greg Osuri on Decentralized Cloud Computing | Greg Osuri - Founder of Akash
BlfmFCEycW0	2970.0	Bittrex Global	We're live with Greg Osuri from Akash Network (AKT)
9MCrtBKQYkw	463.0	Akash Network	Akash Network CEO, Greg Osuri on Yahoo Finance
CCHnfFIavA8	3599.0	Design DAO	RNDR, Supercloud, 1.5T AI Market Cap – Interview with Greg Osuri about Akash
yfBYYjtzsX0	1703.0	Dcentral Con	Decentralized Cloud - DCENTRAL Austin 2022
Nvj2ruVPfYQ	1811.0	HackerNoon	E04 - Decentralizing the Cloud with Greg Osuri
nTHa7tr277g	1222.0	Block 2thefuture	Panel: Decentralized Storage
P8F-Ac0mitI	1186.0	Coinage	Akash Network's Greg Osuri on AI Fueling 1,729% Growth
ESTCd9nb5CM	430.0	Yahoo Finance	Akash Network CEO on competing with Amazon AWS, decentralized cloud computing, and free speech
q8bZj9_HQXY	322.0	Bigeye Studios	Bitcoin Renaissance - Greg Osuri of Akash Network
NOmzt7mv3RM	863.0	Joseph Raczynski	Tech Snippets Today - Greg Osuri - Founder at Akash with Joseph Raczynski
tOnFXB7L0DY	6292.0	Digital Asset Yield Summit	Akash (40%+ staking APY) is taking over the $Bn Cloud Computing Market by AWS? Greg Osuri EXCLUSIVE
sqM4s_5UyMI	525.0	Cito Zone: Cosmos Research, DeFi Guides & Airdrops	Superfluid Staking vs Liquid Staking? Zaki Manian, Greg Osuri, Jack Zampolin, & Cryptocito
FqVgxTCWPgc	2667.0	Bittrex Global	Live AMA featuring Greg Osuri from the Akash Network!
jyGP_9A1SVs	3370.0	$1 To $1 Million Podcast	Akash: The Internet Of Compute W/ Founder Greg Osuri
