7pEWlQnQ_8Q	2328.0	Ninepoint Partners	DeFi Decoded - Greg Osuri, CEO of Akash on why DeFi needs a Decentralized Internet to succeed
GwKZIY2aBe0	4220.0	Zima Red	Greg Osuri - Akash: Decentralized Compute Marketplace - ep 158
NsXA2hC9dPw	1231.0	New to The Street TV	Akash Network’s (CRYPTO:AKT) ($AKT) interview with Mr. Greg Osuri CEO.
0fBYZPHOQds	4101.0	Smart Economy Network	From AWS to Akash: Greg Osuri on Building a Decentralized Compute Marketplace
fVVvEFkIaUU	545.0	Block 2thefuture	Greg Osuri: The Akash Network
CWA3IAr9sc4	3085.0	TEACHMEDEFI	The Truth About Decentralized AI and the Future of Compute
8O3HfvHSfqk	3052.0	Software Engineering Daily	A Decentralized Compute Marketplace with Greg Osuri
PO-UpAZx-KM	2655.0	Arcane Bear	Blockchain & Cloud Computing - Akash Network W/ Greg Osuri
f3tZLp2CNgI	2961.0	Citizen Web3	The cloud, open source and flash loans with Greg Osuri
lCRG5sAp_Sc	1909.0	Citizen Web3	Citizen Cosmos and OmniFlix Network: Conversations with Jack ft. Greg Osuri Akash Network, S1E1
CCHnfFIavA8	3599.0	Design DAO	RNDR, Supercloud, 1.5T AI Market Cap – Interview with Greg Osuri about Akash
qdQFOS-uG_A	4322.0	Cryptocito	Most UNDERRATED Cosmos GEM? Akash Network Deep Dive with Greg Osuri!
dz4dyGrcuIs	61.0	Web3 Working Group	Akash's Greg Osuri tells Amy about why he founded Angel Hack when he first moved to the US #shorts
FQZZiUAmLLI	1420.0	Stanford Blockchain Club	BASS 2024 10 Ben Fielding, Greg Osuri, Guy Wuollet, Steven Willinger
lwpAQjvSxRE	3663.0	Crypto Nuggets	Akash Network founder Greg Osuri - Building a Decentralized Computing Marketplace
XY33CFNI-OE	3178.0	Michaël van de Poppe	AKASH NETWORK (AKT) - Decentralized clouds, Staking, Cosmos & more!  - Interview with CEO Greg Osuri
5g9vJCIV1lo	989.0	Fluence	Decentralized solutions for cloud computing and AI  📌 Greg Osuri, Akash @ DePIN Day Austin
ai0Sh3ICH3w	46.0	Web3 Working Group	Greg Osuri: Web2 underutilizes compute resources & protocols like #Akash correct these. #shorts
AWKVdqzUBAg	2456.0	Nebular	Greg Osuri of Akash on Unlocking DePIN Capabilities for AI Model Training
NH9vbSk1QNk	440.0	Coinage	AI is using chips faster than Nvidia can make them. How crypto is helping | Akash and Render Token
_ejhD_lNs4s	4839.0	The Data Scientist Show	How do data scientist get into blockchain? Greg Osuri - The Data Scientist Show #007
P8F-Ac0mitI	1186.0	Coinage	Akash Network's Greg Osuri on AI Fueling 1,729% Growth
JE-7d8tU3WQ	1287.0	Thecoinrepublic	Akash Network: A New Era of Affordable, Decentralized Cloud Computing with Greg Osuri | Varuni
T43OCZf2LO0	845.0	Founder School	Akash Network Explained: Everything You Need To Know Before Investing by Founder Greg Osuri
0JrIenhz0fQ	1171.0	Crypto Coin Show	Greg Osuri, CEO of Akash Network, Decentralized Cloud | Blockchain Interviews
21oNz5O1qzk	1928.0	OmniFlix Network	Conversations with Jack ft Greg Osuri - S1E1 - by OmniFlix Network & Citizen Cosmos
XlFnp7eUw3M	3312.0	Web3 Working Group	Interview with Greg Osuri of Akash Network
ubYh3RfdQHA	2888.0	Jerry V Hall	1on1 Greg Osuri - Akash
BSqYPP5V0DU	133.0	Stakecito	Greg Osuri on AI, Market Cycles, and the Future of Akash
gLzJoHmx4Js	3557.0	Felix O. Hartmann	Building The Infrastructure Of Web3 | Greg Osuri Of Akash Network | The FH Show - EP16
pSCkBP7Pw6Y	2642.0	Parks and Decentralization 	The GPU crisis that AI needs solved now.  W/ Greg Osuri, CEO Overclock Labs Akash Network
i2AE257OCMA	3071.0	Orchid Labs	Future of Web 3 and the Battle for Data Sovereignty with Greg Osuri, CEO of Akash Networks
q8bZj9_HQXY	322.0	Bigeye Studios	Bitcoin Renaissance - Greg Osuri of Akash Network
BlfmFCEycW0	2970.0	Bittrex Global	We're live with Greg Osuri from Akash Network (AKT)
ci_r_fOVT04	3191.0	Mission: DeFi	Mission: DeFi EP 98 - Can Akash be a major player in AI with their GPU market? Founder Greg Osuri
1LIqYGgu8cQ	124.0	Orchid Labs	Everyone Pays an Amazon Tax with Greg Osuri, Founder of Akash Network
tOnFXB7L0DY	6292.0	Digital Asset Yield Summit	Akash (40%+ staking APY) is taking over the $Bn Cloud Computing Market by AWS? Greg Osuri EXCLUSIVE
Nvj2ruVPfYQ	1811.0	HackerNoon	E04 - Decentralizing the Cloud with Greg Osuri
CRA0yN28Dw8	3625.0	0xResearch	How Akash Network is Democratizing Access to Cloud GPUs | Greg Osuri
YAOp0b8Bb6k	1383.0	Kryptoplanet[Official]	[Solo Talk] Decentralization is saving AI where centralization failed by Greg Osuri
GVrfHDg30-M	4702.0	Frictionless Podcast by Logan Jastremski	Building the Super Cloud of GPUs with Akash Founder Greg Osuri | EP #102
sRtkAUdqNFs	3017.0	MikoBits Blockchain, NFT and DeFi Show	Akash Network, Cloud Computing on Blockchain
FwJ4-Q27CRM	5669.0	Action Crypto	Most Successful Crypto Miner Failure, Akash Super Mini - Greg Osuri Interview CEO of Overclock Labs
cvMDcUSh1Zg	4719.0	$1 To $1 Million Podcast	Akash: Crypto's AI Supercloud W/Greg Osuri
Rp_LL6tPDFU	3251.0	Proof of Coverage Media	Greg Osuri | Trump’s impact on crypto x AI, why DePIN is inevitable, and Akash Network revenue ATH’s
JgD4BzHEcu4	941.0	Blockworks	Beyond GPUs: How Decentralization Can Solve AI's Biggest Scaling Bottleneck | Day 2 | Crypto x AI
_UG21_OaZLo	1703.0	IOSG Ventures	IOSG OFR 13th Panel | GPU Symphony: Decentralized Compute Power
pIX9lYr57fE	1176.0	Genzio	What is Akash Network? Greg Osuri on Decentralized Cloud Computing | Greg Osuri - Founder of Akash
1V5Mk3yKYy0	3636.0	AllinCrypto	This Crypto Turns GPUs Into Income For Everyone!!!!
9MCrtBKQYkw	463.0	Akash Network	Akash Network CEO, Greg Osuri on Yahoo Finance
RYs9UTXv43Q	4037.0	Fluence	Greg Osuri: Akash – Decentralizing Cloud Computing and Revolutionizing GPU Access (#10)
pmEVbRTw_5k	962.0	Cosmoverse	The Supercloud - by Greg Osuri, Akash
Oz-Oara8i78	3677.0	Akash Network	Akash Network Live with Greg Osuri: Akash's progress in 2023, open community development, and more
PUBL4eguqq4	3897.0	Akash Network	The Unstoppable Livestream: exiledsurfer and Greg Osuri
WKvrKWdc9OA	3692.0	Techpost	Overcoming the Challenges of Distributed Networks with Greg Osuri CEO Overclock Labs & Akash Network
ESTCd9nb5CM	430.0	Yahoo Finance	Akash Network CEO on competing with Amazon AWS, decentralized cloud computing, and free speech
S6niawECR8A	3689.0	Hash Rate Podcast	Hash Rate - Ep 050 - Akash Decentralized Cloud - Greg Osury
hf6MlnDl6Rs	2686.0	Orchid Labs	Priv8 Virtual Summit: Greg Osuri, Tor Bair, Ari Paul's Take on the Decentralized Future
-1tcbW9WZOQ	3696.0	Akash Network	The Unstoppable Livestream w/ Sunny Aggarwal & Greg Osuri
FqVgxTCWPgc	2667.0	Bittrex Global	Live AMA featuring Greg Osuri from the Akash Network!
Don1slbJlMQ	1864.0	CoinBundle	CEO of Overclock Labs On the World of Blockchain & Upcoming Technology In Development
mPy-ZVjNU4U	1660.0	Caladan	More than Decentralised Compute | Converge @ EthCC 2024
rqVL8W57O6k	1160.0	robfrankel	The Biz Call: 20210428 GregOsuri AkashNetwork
sqM4s_5UyMI	525.0	Cito Zone: Cosmos Research, DeFi Guides & Airdrops	Superfluid Staking vs Liquid Staking? Zaki Manian, Greg Osuri, Jack Zampolin, & Cryptocito
VTJaABZMi9c	2953.0	The Index Podcast	Everything Bagel: Open Source AI, Security, and Decentralization with Greg Osuri, Founder at Akash
MvQUKoM_1ME	1463.0	TFiR	Akash Network Is The Airbnb Of Cloud
QuVl2mVHRyo	4503.0	DePIN Connection	Akash Network - Decentralized Cloud Built for AI's Next Frontier
VKDw4KZ23G4	1629.0	Messari	Akash's Greg Osuri on the Future of Cloud Computing | Mainnet 2024
pp_eAqIb8Jw	303.0	Akash Network	Founders Reflect on Why Akash was Created
yfBYYjtzsX0	1703.0	Dcentral Con	Decentralized Cloud - DCENTRAL Austin 2022
gNeApYzOhFs	741.0	Travis Trades	The NEXT 20X investment! What is the AKASH Network?! How does Akash work?! Akash(AKT) White Paper
_4cu3b3jJgk	452.0	Crypto World Daily	Decentralized Infrastructure Allows America to Compete on AI—Greg Osuri
KxJSvgW5rGA	130.0	Solana	Greg Osuri - Founder of Akash Network / Solana Testimonial
BQONg2f0zQc	1712.0	DACM Insights	DACM Insights: Decentralizing AI, The Akash Approach
G_pXEAo-ZsU	3837.0	Akash Network	Akashonomics: AKT Release Schedule
ImwkqmOSUkE	2728.0	Chris Joannou	DePin, Scams & Decentralized ML
jyGP_9A1SVs	3370.0	$1 To $1 Million Podcast	Akash: The Internet Of Compute W/ Founder Greg Osuri
EeghIeZppQI	1703.0	MineYour.₿iz Classic	I Moderated A Panel at DCENTRAL Austin 2022 on Decentralized Cloud!
-zPRokajOc0	197.0	Jyrone Parker	TokenFest 2018 - Photon
uUoePJrzyDQ	2276.0	Recall Network	Decentralizing AI: Compute Protocols and Proof of Work - Panel Discussion | Proof of Data 2024
Vvn-WmSXB7c	1369.0	Messari	It Just Works: Letting Mainstream Firms Plug Into Crypto - Messari Mainnet 2022
FAuW6cUWkR8	5003.0	The Interop	AI SUPERCLOUD with Greg Osuri of Akash Network
vntaHSaKJKE	957.0	Discover Crypto	Akash AKT: Decentralized Cloud – Cosmos Crypto Projects
-Kkj0veGYJU	4545.0	Akash Network	The Unstoppable Live Stream w/ Greg Osuri and Brian Fox
FDA9wqZmsY8	6306.0	Don Cryptonium	Akash Network - Chat With a Founder Greg Osuri
5zESYdtwsyQ	208.0	Akash Network	Akash Analysis - Why decentralization is important
3_gGBRqzxrQ	3300.0	The Interop	Why Decentralized AI Needs Cosmos: Greg Osuri of Akash Explains
K0iInoQojyg	3980.0	Cryptocito	Akash Network Deep Dive: The Unstoppable Cloud, Powered by Cosmos!
LBfxLjsJRbQ	731.0	Chola Crypto	Akash Crypto Analysis !#crypto #cryptonews #bitcoin #bitcoinnews  !.024 cents
p4gaFFinvMc	1227.0	Magna Crypto	Akash Network | DeCloud for DeFi | Partners include Coil Solana Interledger | #Crypto #Defi #altcoin
3AvWFwSfbaU	4082.0	Louisiana Swamp Rat	ADRIAN STEWART Akash $AKT Interview Greg Osuri #AI #GPU #AISupercloud ElonTrades Cosmos ATOM
S0wdkG2kM28	513.0	KPOD Network	Akash Crypto - Cloud computing for everyone, including live-stream hosting! Web3 alternative!
pgOluJ37nN0	399.0	DEXWireNews	Akash Network – The Decentralized Cloud Computing Provider That Is Defying Gravity $AKT
77HfFvrhmsQ	3397.0	Nodexo	X Spaces with Akash Network: Democratizing Compute on Subnet 27
FXMqaH_0LCg	2012.0	Kryptoplanet[Official]	[Panel] ​“Decentralized Computing as a Business”
nTHa7tr277g	1222.0	Block 2thefuture	Panel: Decentralized Storage
MAYVL1O6_40	3665.0	Akash Network	How to Mine PKT Faster on The World’s First Decentralized Cloud
krI67GcuI9g	234.0	The Quant	💎Akash Network | is Akash Network a good Crypto to Buy and Hold ?
fUeDGAt7IUk	2995.0	Akash Network	The Akash Mainnet 2 Livestream w/ Greg Osuri and Adam Bozanich
xcYQxC_ulL4	2418.0	Coinage	How Nvidia Is Boosting Other Cloud Projects To Prove AI ISN'T A BUBBLE
